{"cameraMode":{"drawMode":0,"name":"Shaded","section":"Shading Mode"},"sceneLighting":false,"audioPlay":false,"sceneViewState":{"showFog":true,"showMaterialUpdate":false,"showSkybox":false,"showFlares":true,"showImageEffects":true,"showParticleSystems":true},"in2DMode":false,"pivot":{"x":0.09600000828504563,"y":1.3082001209259034,"z":0.0},"rotation":{"x":0.13569402694702149,"y":-0.07423276454210282,"z":0.01019617822021246,"w":0.9879135489463806},"size":1.5073950290679932,"orthographic":true}